<?xml version="1.0"?>
<!DOCTYPE hibernate-mapping PUBLIC "-//Hibernate/Hibernate Mapping DTD 3.0//EN"
"http://www.hibernate.org/dtd/hibernate-mapping-3.0.dtd">
<!-- Generated 29/11/2017 08:08:36 PM by Hibernate Tools 4.3.1 -->
<hibernate-mapping>
    <class name="pojos.Destinatario" table="Destinatario" catalog="notificaciones_cti" optimistic-lock="version">
        <id name="idDestinatario" type="java.lang.Integer">
            <column name="id_destinatario" />
            <generator class="identity" />
        </id>
        <property name="nombre" type="string">
            <column name="nombre" length="127" not-null="true" />
        </property>
        <property name="gradoAcademico" type="string">
            <column name="grado_academico" length="15" />
        </property>
        <property name="email" type="string">
            <column name="email" not-null="true" />
        </property>
        <set name="notificacionsForCopiaPara" table="Notificacion" inverse="true" lazy="true" fetch="select">
            <key>
                <column name="copia_para" not-null="true" />
            </key>
            <one-to-many class="pojos.Notificacion" />
        </set>
        <set name="notificacionsForDestinatario" table="Notificacion" inverse="true" lazy="true" fetch="select">
            <key>
                <column name="destinatario" not-null="true" />
            </key>
            <one-to-many class="pojos.Notificacion" />
        </set>
    </class>
</hibernate-mapping>
