<?xml version="1.0"?>
<!DOCTYPE hibernate-mapping PUBLIC "-//Hibernate/Hibernate Mapping DTD 3.0//EN"
"http://www.hibernate.org/dtd/hibernate-mapping-3.0.dtd">
<!-- Generated 29/11/2017 08:08:36 PM by Hibernate Tools 4.3.1 -->
<hibernate-mapping>
    <class name="pojos.Notificacion" table="Notificacion" catalog="notificaciones_cti" optimistic-lock="version">
        <id name="idNotificacion" type="java.lang.Integer">
            <column name="id_notificacion" />
            <generator class="identity" />
        </id>
        <many-to-one name="destinatarioByCopiaPara" class="pojos.Destinatario" fetch="select">
            <column name="copia_para" not-null="true" />
        </many-to-one>
        <many-to-one name="destinatarioByDestinatario" class="pojos.Destinatario" fetch="select">
            <column name="destinatario" not-null="true" />
        </many-to-one>
        <property name="folio" type="string">
            <column name="folio" length="15" not-null="true" />
        </property>
        <property name="asunto" type="string">
            <column name="asunto" length="63" not-null="true" />
        </property>
        <property name="situacion" type="string">
            <column name="situacion" length="511" not-null="true" />
        </property>
        <property name="accionRequerida" type="string">
            <column name="accion_requerida" length="511" not-null="true" />
        </property>
    </class>
</hibernate-mapping>
