<?xml version="1.0" encoding="UTF-8"?>
<!DOCTYPE hibernate-configuration PUBLIC "-//Hibernate/Hibernate Configuration DTD 3.0//EN" "http://hibernate.sourceforge.net/hibernate-configuration-3.0.dtd">
<hibernate-configuration>
  <session-factory>
      
    <!--JConnect-->
    <property name="hibernate.connection.driver_class">com.sybase.jdbc4.jdbc.SybDriver</property>
    <property name="hibernate.connection.url">jdbc:sybase:Tds:JDESAINT1:2024/notificaciones_cti</property>
    
    <property name="hibernate.connection.username">dbo_notificaciones_cti</property>
    <property name="hibernate.connection.password">IymrRt%lT2un</property>
    <property name="hibernate.dialect">org.hibernate.dialect.SybaseASE157Dialect</property>
    <property name="hibernate.hbm2ddl.auto">update</property>
    <property name="show_sql">true</property>
    <property name="c3p0_min_size">5</property>         <!-- Minimo de conexiones en el pool -->
    <property name="c3p0_max_size">8</property>         <!-- Maximo de conexiones en el pool -->
    <property name="c3p0_acquire_increment">1</property><!-- Conexiones que se intentan adquirir -->
    <property name="c3p0_timeout">1800</property>       <!-- Segundos que una conexión puede estar en el pool sin ser utilizada antes de ser descartada o eliminada -->
    <property name="c3p0_max_statements">150</property> <!-- Tamaño de la cache de PreparadesStatements -->
    
  </session-factory>
</hibernate-configuration>
