<?xml version="1.0" encoding="UTF-8"?>
<Configuration status="WARN">
  <Appenders>
    <Console name="Console" target="SYSTEM_OUT">
      <PatternLayout pattern="%d{HH:mm:ss.SSS} [%t] %-5level %logger{36} - %msg%n"/>
    </Console>
    <File name="MyFile" fileName="logs/app.log" immediateFlush="true">
        <PatternLayout pattern="%d{yyy-MM-dd HH:mm:ss.SSS} [%t] %-5level %logger{36} - %msg%n"/>
    </File>
  </Appenders>
  <Loggers>
      <!--
    <Logger name="mx.org.banxico.dgcar.ancti.aspectos.Aspecto" level="trace" additivity="true">
      <AppenderRef ref="MyFile"/>
    </Logger>
    -->
    <Root level="debug">
      <AppenderRef ref="Console" level="info"/>
      <AppenderRef ref="MyFile" level="trace"/>
    </Root>
  </Loggers>
</Configuration>