<?xml version="1.0" encoding="UTF-8"?>
<!--
To change this license header, choose License Headers in Project Properties.
To change this template file, choose Tools | Templates
and open the template in the editor.
-->
<web-app xmlns="http://java.sun.com/xml/ns/j2ee"
    xmlns:xsi="http://www.w3.org/2001/XMLSchema-instance"
    xsi:schemaLocation="http://java.sun.com/xml/ns/j2ee http://java.sun.com/xml/ns/j2ee/web-app_2_4.xsd"
    version="2.4">
    
<mime-mapping>
        <extension>ttf</extension>
        <mime-type>application/x-font-ttf</mime-type>
</mime-mapping>
<mime-mapping>
        <extension>woff</extension>
        <mime-type>application/x-font-woff</mime-type>
</mime-mapping>
<mime-mapping>
        <extension>woff2</extension>
        <mime-type>application/x-font-woff2</mime-type>
</mime-mapping>
<mime-mapping>
        <extension>eot</extension>
        <mime-type>application/x-font-eot</mime-type>
</mime-mapping>

</web-app>