<?xml version="1.0" encoding="UTF-8"?>
<!DOCTYPE hibernate-configuration PUBLIC "-//Hibernate/Hibernate Configuration DTD 3.0//EN" "http://hibernate.sourceforge.net/hibernate-configuration-3.0.dtd">
<hibernate-configuration>
  <session-factory>
    <property name="hibernate.dialect">org.hibernate.dialect.SybaseASE15Dialect</property>
    <property name="hibernate.connection.driver_class">net.sourceforge.jtds.jdbc.Driver</property>
    <property name="hibernate.connection.url">jdbc:jtds:sybase://JDESAINT1:2024/notificaciones_cti</property>
    <property name="hibernate.connection.username">dbo_notificaciones_cti</property>
    <property name="hibernate.connection.password">IymrRt%lT2un</property>
    <property name="show_sql">true</property>
    <property name="hbm2ddl_auto">update</property>
    <property name="c3p0_min_size">5</property>
    <property name="c3p0_max_size">20</property>
    <property name="c3p0_acquire_increment">1</property>
    <property name="c3p0_timeout">1800</property>
    <property name="c3p0_max_statements">150</property>
    <!-- List of XML mapping files -->
    <!--<mapping resource="com/webapp/basicwebapp/pojos/UserTbl.hbm.xml"/>-->
    <!--<mapping class="com.webapp.basicwebapp.pojos.UserTbl"/>-->
    <mapping class="com.webapp.basicwebapp.pojos.UserTbl"/>
  </session-factory>
</hibernate-configuration>
