<?xml version="1.0" encoding="UTF-8"?>
<!DOCTYPE hibernate-reverse-engineering PUBLIC "-//Hibernate/Hibernate Reverse Engineering DTD 3.0//EN" "http://hibernate.sourceforge.net/hibernate-reverse-engineering-3.0.dtd">
<hibernate-reverse-engineering>
  <schema-selection match-catalog="notificaciones_cti" match-schema="dbo"/>
  <table-filter match-name="Bitacora"/>
  <table-filter match-name="Destinatario"/>
  <table-filter match-name="Destinatario_Notificacion"/>
  <table-filter match-name="Estado"/>
  <table-filter match-name="Grupos_de_control"/>
  <table-filter match-name="Notificacion"/>
  <table-filter match-name="Plantilla"/>
  <table-filter match-name="Rol"/>
</hibernate-reverse-engineering>