<?xml version="1.0" encoding="UTF-8"?>
<!DOCTYPE hibernate-reverse-engineering PUBLIC "-//Hibernate/Hibernate Reverse Engineering DTD 3.0//EN" "http://hibernate.sourceforge.net/hibernate-reverse-engineering-3.0.dtd">
<hibernate-reverse-engineering>
<table-filter match-name="Destinatario"/>
<table-filter match-name="Notificacion"/>
<table-filter match-name="Administrador_sistema"/>
<!--
<table name="Notificacion"> 
 <primary-key>
 <foreign-key constraint-name="destinatario">
   <many-to-one property="dest"/>
   <set property="envios"/>
 </foreign-key>
 <foreign-key constraint-name="copia_para">
   <many-to-one property="copia"/>
   <set property="envios"/>
 </foreign-key>
  <foreign-key constraint-name="ADDRESS_PERSON">
   <one-to-one exclude="false"/>
   <inverse-one-to-one exclude="true"/>
  </foreign-key>
</table>
-->
</hibernate-reverse-engineering>